{ "impact_factors": {
    "manufacturing": {
        "AP": {
            "HCl": 0.88,
            "hydrochloric acid": 0.88,
            "HF": 1.6,
            "hydrofluoric acid": 1.6,
            "NOx": 0.7,
            "nitric acid": 0.51,
            "SOx": 1.0,
            "sulfuric acid": 0.65,
            "phosphoric acid": 0.98,
            "NH3": 0.93,
            "ammonia": 0.93
        },
        "EP": {
            "NOx": 0.13,
            "nitric acid": 0.095,
            "total_wastewater_nitrogen": 0.42,
            "total_wastewater_phosphorus": 3.07,
            "NH3": 0.35,
            "ammonia": 0.35,
            "NH4-N": 0.33,
            "ammonia_nitrogen": 0.33,
            "COD": 0.022
        },
        "FETox": {
            "sulfuric acid": 78.5,
            "wastewater_fluoride": 20.4,
            "Cu2+": 55200.0,
            "Cd2+": 9710.0,
            "Co2+": 4100.0,
            "Cr3+": 1290.0,
            "Ni2+": 14900.0,
            "Pb2+": 375.0,
            "Zn2+": 38600.0,
            "Sn2+": 2980.0,
            "Hg2+": 375.0,
            "Ag+": 194000.0,
            "Se4+": 7320.0,
            "Mo6+": 294.0,
            "As5+": 40400.0
        }
    },
    "transportation": {
        "old": {
            "time_range": "2016-2017",
            "Truck": {
                "AP": 0.00062,
                "EP": 8.7e-05,
                "FETox": 0.0042
            },
            "Ship": {
                "AP": 0.0002,
                "EP": 2.4e-05,
                "FETox": 0.00035
            },
            "Air": {
                "AP": 0.0036,
                "EP": 0.00048,
                "FETox": 0.009
            }
        },
        "new": {
            "time_range": "2020-2023",
            "Truck": {
                "AP": 0.00038,
                "EP": 5e-05,
                "FETox": 0.003
            },
            "Ship": {
                "AP": 6e-05,
                "EP": 7e-06,
                "FETox": 0.00025
            },
            "Air": {
                "AP": 0.0031,
                "EP": 0.0004,
                "FETox": 0.008
            }
        },
        "2018": {
            "Truck": {
                "AP": 0.00054,
                "EP": 7.466666666666667e-05,
                "FETox": 0.0038
            },
            "Ship": {
                "AP": 0.00015333333333333334,
                "EP": 1.8333333333333333e-05,
                "FETox": 0.00031666666666666665
            },
            "Air": {
                "AP": 0.0034333333333333334,
                "EP": 0.00045333333333333337,
                "FETox": 0.008666666666666666
            }
        },
        "2019": {
            "Truck": {
                "AP": 0.00046,
                "EP": 6.233333333333334e-05,
                "FETox": 0.0034
            },
            "Ship": {
                "AP": 0.00010666666666666667,
                "EP": 1.2666666666666667e-05,
                "FETox": 0.00028333333333333335
            },
            "Air": {
                "AP": 0.0032666666666666664,
                "EP": 0.00042666666666666667,
                "FETox": 0.008333333333333333
            }
        }
    },
    "emission_factors": {
        "SOx": {
            "US": [
                0.36287389600000003,
                0.34019427750000003,
                0.317514659,
                0.226796185,
                0.226796185,
                0.24085754847000002,
                0.21454919100999997,
                0.16374684557
            ],
            "CA": [
                0.045359237000000004,
                0.022679618500000002,
                0.0,
                0.0,
                0.0,
                0.01723651006,
                0.0136077711,
                0.009071847400000001
            ],
            "MidWest": [
                0.544310844,
                0.4762719885,
                0.408233133,
                0.317514659,
                0.317514659,
                0.30844281160000003,
                0.28122726940000004,
                0.18688005644
            ],
            "China_g/kWh_report": [
                0.08321729061679584,
                0.07842034881479876,
                0.0776250917864261,
                0.06873065015479876,
                0.059727309727309726,
                0.05583756345177665,
                0.054507153515316424,
                0.053358546411247224
            ],
            "Taiwan_g/kWh_report": [
                0.306,
                0.296,
                0.183,
                0.125,
                0.102,
                0.098,
                0.084,
                0.077
            ],
            "Korea_g/kWh_report": [
                0.156,
                0.138,
                0.12,
                0.10214357896774118,
                0.08483215021539792,
                0.05741396148091904,
                0.04684152668316844,
                0.04267169938529666
            ]
        },
        "NOx": {
            "US": [
                0.317514659,
                0.29483504050000003,
                0.272155422,
                0.272155422,
                0.226796185,
                0.226796185,
                0.226796185,
                0.226796185
            ],
            "CA": [
                0.272155422,
                0.24947580350000004,
                0.226796185,
                0.18143694800000001,
                0.226796185,
                0.226796185,
                0.226796185,
                0.136077711
            ],
            "MidWest": [
                0.408233133,
                0.3855535145,
                0.36287389600000003,
                0.36287389600000003,
                0.272155422,
                0.272155422,
                0.226796185,
                0.18143694800000001
            ],
            "China_g/kWh_report": [
                0.1430014283790335,
                0.13749952169520263,
                0.13951536767019826,
                0.12260061919504645,
                0.11385836385836386,
                0.11475707034082669,
                0.11085754410603002,
                0.10786812464030256
            ],
            "Taiwan_g/kWh_report": [
                0.308,
                0.27,
                0.213,
                0.158,
                0.137,
                0.188,
                0.169,
                0.16
            ],
            "Korea_g/kWh_report": [
                0.246,
                0.177,
                0.146,
                0.13731550330636821,
                0.11069599852143597,
                0.06845866229740767,
                0.05791289317184122,
                0.04866295001417367
            ]
        },
        "NH3": {
            "US": [
                0.0031596575952401924,
                0.003170253509726551,
                0.0031385345884256993,
                0.0029105276574050466,
                0.002901055604746759,
                0.0031224425922448374,
                0.0030836639910798223,
                0.002989293415392204
            ],
            "China": [
                0.0032964328339713947,
                0.0036602739974925962,
                0.003832466292871755,
                0.004418358004272712,
                0.005060864602066829,
                0.004604985083651072,
                0.004430695704355315,
                0.005117812230192157
            ],
            "Taiwan": [
                0.0034929572131768265,
                0.0034807962702582706,
                0.002966538433621253,
                0.002686932419125424,
                0.0023842994392656884,
                0.0023961233116816167,
                0.002325039042165539,
                0.0019253352435359829
            ],